{
  "title": "Wenlin ABC",
  "format": 3,
  "revision": "Wenlin_2024-04-14",
  "sequenced": true,
  "url": "https://wenlin.co/wow/Project:Ci",
  "description": "Published in July 2003 and revised through 2005, the Wenlin ABC Chinese-English Comprehensive Dictionary was produced by the Wenlin Institude in cooperation with the ABC Chinese Dictionary Series Project at the University of Hawaii. It contains over 196,000 entries.",
  "author": "Wenlin Institute, rduwjjnh",
  "attribution": "Wenlin Institute"
}