{"title":"CC-CEDICT [2024-08-25]","revision":"2024-08-25","format":3,"author":"MDBG, CC-CEDICT, Marv","description":"CC-CEDICT is a continuation of the CEDICT project started by Paul Denisowski in 1997 with the aim to provide a complete downloadable Chinese to English dictionary with pronunciation in pinyin for the Chinese characters.\n    This dictionary for Yomitan was converted from the data available at https://www.mdbg.net/chinese/dictionary?page=cc-cedict using https://github.com/MarvNC/cc-cedict-yomitan and https://github.com/MarvNC/yomichan-dict-builder.","attribution":"https://cc-cedict.org/wiki/\nThanks go out to everyone who submitted new words or corrections. Special thanks go out to the CC-CEDICT editor team, who spend many hours doing research to maintain a high quality level:\n\ngoldyn_chyld - Matic Kavcic\nrichwarm - Richard Warmington\nvermillion - Julien Baley\nycandau - Yves Candau\nfeilipu\nand the editors who wish to remain anonymous\nSpecial thanks to:\n\nCraig Brelsford, for his extensive list of bird names\nErik Peterson, for his work as the editor of CEDICT\nPaul Andrew Denisowski, the original creator of CEDICT","url":"https://github.com/MarvNC/cc-cedict-yomitan","sequenced":true,"isUpdatable":true,"indexUrl":"https://github.com/MarvNC/cc-cedict-yomitan/releases/latest/download/term_index.json","downloadUrl":"https://github.com/MarvNC/cc-cedict-yomitan/releases/latest/download/CC-CEDICT.zip"}